Workbook

Sheet Sheet1
A1: ProductID | B1: Product | C1: Price
A2: 101 | B2: Product A | C2: 120
A3: 102 | B3: Product B | C3: 150
A4: 103 | B4: Product C | C4: 200
A5: 104 | B5: Product D | C5: 90
A6: 105 | B6: Product E | C6: 220
A7: 106 | B7: Product F | C7: 130

Sheet Sheet2
A1: OrderID | B1: ProductID | C1: Quantity | D1: 1 | E1: Price | F1: TotalPrice | G1: 3 | H1: 4 | I1: new total price | J1: 6 | L1: 7
A2: 1 | B2: 101 | C2: 2 | D2: =VLOOKUP(B2,Sheet1!A1:C7,2,FALSE) -> Product A | E2: =VLOOKUP(B2,Sheet1!A1:C7,3,FALSE) -> 120 | F2: =PRODUCT(C2,E2) -> 240 | G2: =IF(ISNA(VLOOKUP(B2,Sheet2!A1:C7,1,FALSE)),"Not Found","found") -> Not Found | H2: =(VLOOKUP(B2,Sheet1!A1:C7,3,FALSE))*0.9 -> 108 | I2: =H2*C2 -> 216 | J2: =IF(ISNA(VLOOKUP(A2,B2:B7,1,FALSE)),"Not Ordered","Ordered") -> Not Ordered | K2: =VLOOKUP(B2,Sheet1!A1:C7,2,FALSE) -> Product A | L2: =SUMIF(B2:B7,B2,C2:C7) -> 2
A3: 2 | B3: 102 | C3: 1 | D3: =VLOOKUP(B3,Sheet1!A2:C8,2,FALSE) -> Product B | E3: =VLOOKUP(B3,Sheet1!A2:C8,3,FALSE) -> 150 | F3: =PRODUCT(C3,E3) -> 150 | G3: =IF(ISNA(VLOOKUP(B3,Sheet2!A2:C8,1,FALSE)),"Not Found","found") -> Not Found | H3: =(VLOOKUP(B3,Sheet1!A2:C8,3,FALSE))*0.9 -> 135 | I3: =H3*C3 -> 135 | J3: =IF(ISNA(VLOOKUP(A3,B3:B8,1,FALSE)),"Not Ordered","Ordered") -> Not Ordered | K3: =VLOOKUP(B3,Sheet1!A2:C8,2,FALSE) -> Product B | L3: =SUMIF(B3:B8,B3,C3:C8) -> 1
A4: 3 | B4: 103 | C4: 4 | D4: =VLOOKUP(B4,Sheet1!A3:C9,2,FALSE) -> Product C | E4: =VLOOKUP(B4,Sheet1!A3:C9,3,FALSE) -> 200 | F4: =PRODUCT(C4,E4) -> 800 | G4: =IF(ISNA(VLOOKUP(B4,Sheet2!A3:C9,1,FALSE)),"Not Found","found") -> Not Found | H4: =(VLOOKUP(B4,Sheet1!A3:C9,3,FALSE))*0.9 -> 180 | I4: =H4*C4 -> 720 | J4: =IF(ISNA(VLOOKUP(A4,B4:B9,1,FALSE)),"Not Ordered","Ordered") -> Not Ordered | K4: =VLOOKUP(B4,Sheet1!A3:C9,2,FALSE) -> Product C | L4: =SUMIF(B4:B9,B4,C4:C9) -> 4
A5: 4 | B5: 104 | C5: 3 | D5: =VLOOKUP(B5,Sheet1!A4:C10,2,FALSE) -> Product D | E5: =VLOOKUP(B5,Sheet1!A4:C10,3,FALSE) -> 90 | F5: =PRODUCT(C5,E5) -> 270 | G5: =IF(ISNA(VLOOKUP(B5,Sheet2!A4:C10,1,FALSE)),"Not Found","found") -> Not Found | H5: =(VLOOKUP(B5,Sheet1!A4:C10,3,FALSE))*0.9 -> 81 | I5: =H5*C5 -> 243 | J5: =IF(ISNA(VLOOKUP(A5,B5:B10,1,FALSE)),"Not Ordered","Ordered") -> Not Ordered | K5: =VLOOKUP(B5,Sheet1!A4:C10,2,FALSE) -> Product D | L5: =SUMIF(B5:B10,B5,C5:C10) -> 3
A6: 5 | B6: 105 | C6: 5 | D6: =VLOOKUP(B6,Sheet1!A5:C11,2,FALSE) -> Product E | E6: =VLOOKUP(B6,Sheet1!A5:C11,3,FALSE) -> 220 | F6: =PRODUCT(C6,E6) -> 1100 | G6: =IF(ISNA(VLOOKUP(B6,Sheet2!A5:C11,1,FALSE)),"Not Found","found") -> Not Found | H6: =(VLOOKUP(B6,Sheet1!A5:C11,3,FALSE))*0.9 -> 198 | I6: =H6*C6 -> 990 | J6: =IF(ISNA(VLOOKUP(A6,B6:B11,1,FALSE)),"Not Ordered","Ordered") -> Not Ordered | K6: =VLOOKUP(B6,Sheet1!A5:C11,2,FALSE) -> Product E | L6: =SUMIF(B6:B11,B6,C6:C11) -> 5
A7: 6 | B7: 106 | C7: 6 | D7: =VLOOKUP(B7,Sheet1!A6:C12,2,FALSE) -> Product F | E7: =VLOOKUP(B7,Sheet1!A6:C12,3,FALSE) -> 130 | F7: =PRODUCT(C7,E7) -> 780 | G7: =IF(ISNA(VLOOKUP(B7,Sheet2!A6:C12,1,FALSE)),"Not Found","found") -> Not Found | H7: =(VLOOKUP(B7,Sheet1!A6:C12,3,FALSE))*0.9 -> 117 | I7: =H7*C7 -> 702 | J7: =IF(ISNA(VLOOKUP(A7,B7:B12,1,FALSE)),"Not Ordered","Ordered") -> Not Ordered | K7: =VLOOKUP(B7,Sheet1!A6:C12,2,FALSE) -> Product F | L7: =SUMIF(B7:B12,B7,C7:C12) -> 6
H8: 5 | I8: =MAX(I2:I7) -> 990
